Catalog#,Artist,Title,Label,Format,Rating,Released,release_id,CollectionFolder,Date Added,Collection Media Condition,Collection Sleeve Condition,Collection Notes
,,,,,,,,,,,,
"9 25157-1, 1-25157",Madonna,Like A Virgin,"Sire, Sire","LP, Album, Promo, Whi",,1984,1678860,Uncategorized,2015-02-13 08:58:45,,,100
MCA-6144,Various,Back To The Future - Music From The Motion Picture Soundtrack,MCA Records,"LP, Album, Comp",,1985,624916,Uncategorized,2015-02-12 18:47:53,,,50
JC 34474,Pink Floyd,Animals,Columbia,"LP, Album, Gat",,1977,495664,Uncategorized,2015-02-12 19:02:59,Very Good (VG),Good Plus (G+),42.11
AS 1883,Bangles,Hero Takes A Fall,Columbia,"12"", Promo, Smplr",,1984,3580363,Uncategorized,2015-02-10 22:05:19,,,40
HE 45050,Boston,Don`t Look Back,Epic,"LP, Album, RE, RM",,1981,2420442,Uncategorized,2015-02-14 16:03:40,,,31.49
SEBX-11843,"Beatles, The",1967 - 1970,Capitol Records,"2xLP, Comp, Ltd, Blu",,1978,2390883,Uncategorized,2015-02-12 23:32:35,,,30
NBLP 7100-2-12.98,Kiss,Double Platinum,Casablanca Records,"2xLP, Comp",,1978,6188066,Uncategorized,2015-02-12 23:47:42,,,20
SRM-1-3795,Scorpions,Lovedrive,Mercury,"LP, Album",,1979,4453161,Uncategorized,2015-02-14 16:24:00,,,20
ASD 523,"Jacksons, The",Blame It On The Boogie,Epic,"12"", Promo",,1978,599376,Uncategorized,2015-02-14 15:59:54,,,16.04
SD 19129,Led Zeppelin,Untitled ,Atlantic,"LP, Album, RE, Gat",,1977,5877729,Uncategorized,2015-02-13 22:14:03,,,15.01
HE 44188,Boston,Boston,Epic,"LP, Album",,1980,1693216,Uncategorized,2015-02-14 13:48:25,,,15
4V9 42875,Paul Hardcastle,19,Chrysalis,"12"", Maxi, Promo",,1985,6155453,Uncategorized,2015-02-12 19:22:54,,,15
JC 36481,Wings (2),Red Rose Speedway,"Columbia, MPL (2)","LP, Album, RE, Gat",,1980,4950540,Uncategorized,2015-02-12 23:31:20,,,15
E1-60128,Queen,Hot Space,Elektra,"LP, Album",,1982,5081941,Uncategorized,2015-02-14 13:33:08,,,14.99
ST-12322,Queen,The Works,Capitol Records,"LP, Album",,1984,2182366,Uncategorized,2015-02-14 15:37:34,,,14
FE 35745,Michael Jackson,Off The Wall,Epic,"LP, Album, Gat",,1979,120096,Uncategorized,2015-02-14 16:43:49,,,13.27
5E-564,Queen,Greatest Hits,Elektra,"LP, Comp, AR",,1981,1371973,Uncategorized,2015-02-14 14:28:18,,,13.16
PRO3741,Tears For Fears,Head Over Heels,Mercury,"12"", Promo",,1985,3304271,Uncategorized,2015-02-12 18:19:06,,,12.5
MCA-5221,Lynyrd Skynyrd,(Pronounced 'Lĕh-'nérd 'Skin-'nérd),MCA Records,"LP, Album, RE",,1980,1331037,Uncategorized,2015-02-13 22:25:32,,,12.43
CRDD-1080,Woody Herman,Road Father,Century Records (2),"LP, Album, Ltd",,1978,2646721,Uncategorized,2015-02-12 23:15:45,,,12.31
BSK 3010,Fleetwood Mac,Rumours,Warner Bros. Records,"LP, Album",,1977,526351,Uncategorized,2015-02-14 15:49:02,,,12.16
BSK-3261,Rod Stewart,Blondes Have More Fun,Warner Bros. Records,"LP, Album",,1978,6550788,Uncategorized,2015-02-14 14:23:15,,,12
NBLP 7152,Kiss,Dynasty,Casablanca Records,"LP, Album",,1979,625331,Uncategorized,2015-02-14 15:58:16,,,11.43
SKBO 3403,"Beatles, The",1962-1966,Apple Records,"2xLP, Comp",,1973,1441069,Uncategorized,2015-02-12 23:33:24,,,11
MCA-3020,Lynyrd Skynyrd,Second Helping,MCA Records,"LP, Album, RE",,1977,5027342,Uncategorized,2015-02-12 23:28:32,,,11
JC 36480,Wings (2),Wild Life,"MPL (2), Columbia","LP, Album, RE",,1980,4950578,Uncategorized,2015-02-14 14:01:20,,,11
SP-12003,Brothers Johnson,Strawberry Letter 23 (Disco Version),A&M Records,"12"", Red",,1977,190595,Uncategorized,2015-02-14 15:47:29,,,10
ST-12158,Duran Duran,Duran Duran,Harvest,"LP, Album",,1981,6467889,Uncategorized,2015-02-12 23:42:15,,,10
FR 35555,Heart,Dog & Butterfly,Portrait,"LP, Album, Promo, Gat",,1978,6583672,Uncategorized,2015-02-12 23:49:21,,,10
"7 80143-1, 80143-1",Ratt,Out Of The Cellar,"Atlantic, Atlantic","LP, Album",,1984,4468276,Uncategorized,2015-02-12 18:25:32,,,10
SD 19118,"Crosby, Stills, Nash & Young",Déjà Vu,Atlantic,"LP, Album, RE, Gat",,1977,3707952,Uncategorized,2015-02-14 15:51:52,,,9.87
2PS 606/7,"Rolling Stones, The",Hot Rocks 1964-1971,London Records,"2xLP, Comp",,1971,1863994,Uncategorized,2015-02-14 14:11:43,,,9.38
PE 34946,Carole King,Tapestry,"Ode Records (2), Epic","LP, Album, RE, Gat",,1977,6204528,Uncategorized,2015-02-14 14:10:52,,,9.24
MCA-5524,Giuffria,Giuffria,MCA Records,"LP, Album",,1984,1712739,Uncategorized,2015-02-12 18:45:11,,,9
JC 36479,Paul & Linda McCartney,Ram,"MPL (2), Columbia","LP, Album, RE",,1980,1925936,Uncategorized,2015-02-14 13:44:53,,,9
"SPC-1017, SPC 1017",Various,Jingle Bell Rock - The Original Bobby Helms Hit!,"Pickwick, Pickwick","LP, Comp",,1966,2192987,Uncategorized,2015-02-12 23:19:36,,,8.98
SD 16017,"Blues Brothers, The",The Blues Brothers (Original Soundtrack Recording),Atlantic,"LP, Album",,1980,537032,Uncategorized,2015-02-12 19:34:00,,,8.5
6E 108,Bread,The Best Of Bread,"Elektra, Elektra","LP, Comp, Gat",,1973,6356376,Uncategorized,2015-02-13 22:27:26,,,8.3
DK 4609,"Rolling Stones, The",Miss You,"Rolling Stones Records, Atlantic","12""",,1978,5514417,Uncategorized,2015-02-12 23:44:39,,,8.21
5E-518,Queen,Flash Gordon (Original Soundtrack Music),Elektra,"LP, Album, AR",,1980,4459787,Uncategorized,2015-02-12 19:18:38,,,8.13
COC 39108,"Rolling Stones, The",Some Girls,Rolling Stones Records,"LP, Album, 2nd",,1978,2399029,Uncategorized,2015-02-10 22:26:29,,,8
DISCO 211,Vaughan Mason & Crew,"Bounce, Rock, Skate, Roll",Brunswick,"12""",,1979,167144,Uncategorized,2015-02-12 23:12:47,,,8
AS 1942,Molly Hatchet,Satisfied Man,Epic,"12"", Promo, Single",,1984,3303303,Uncategorized,2015-02-12 18:32:03,,,7.99
CDS 2666,Toni Basil,Mickey,Chrysalis,"12"", Single",,1982,5190559,Uncategorized,2015-02-14 13:09:53,,,7.97
6.0000000000000000000000000000000000000000000000000000000000000000000000000000000000000000000000000000000000000000E-112,Queen,News Of The World,Elektra,"LP, Album, Gat",,1977,5246723,Uncategorized,2015-02-14 14:25:32,,,7.76
OC 44366,Billy Joel,Storm Front,Columbia,"LP, Album",,1989,1961772,Uncategorized,2015-02-12 18:57:31,,,7.6
SM-2164,"Beach Boys, The",The Beach Boys' Christmas Album,Capitol Records,"LP, Album, Mono, RE",,0,1788936,Uncategorized,2015-02-12 23:18:56,,,7.5
"PG 24, PG24, CS 9962, CS 9977, KGP 24, G2 33258/PG",Chicago (2),Chicago II,"Columbia, Columbia, Columbia, Columbia, Columbia, Columbia","2xLP, Album, RP",,1970,3090170,Uncategorized,2015-02-13 21:56:46,,,7.5
5E-515,"Doors, The",Greatest Hits,Elektra,"LP, Comp",,1980,4174124,Uncategorized,2015-02-14 14:03:24,,,7.25
"SRM-1-4039, 6337 218",Scorpions,Blackout,"Mercury, Mercury","LP, Album",,1982,5669926,Uncategorized,2015-02-14 13:30:31,,,7.21
SW-11783,Little River Band,Sleeper Catcher,Harvest,"LP, Album",,1978,1950878,Uncategorized,2015-02-14 15:44:02,,,7.01
PC 32400,Chicago (2),Chicago VI,Columbia,"LP, Album",,1973,3417570,Uncategorized,2015-02-13 22:30:45,,,7
2683 069,"Who, The",The Story Of The Who,Polydor,"2xLP, Mono, Comp",,1976,457713,Uncategorized,2015-02-14 13:47:26,,,6.93
LST-11010,Sugarloaf,Spaceship Earth,Liberty,"LP, Album, Gat",,1970,1499003,Uncategorized,2015-02-14 14:09:53,,,6.91
BT 89502,Fancy (3),Wild Thing,Big Tree Records,"LP, Album",,1974,1063519,Uncategorized,2015-02-13 21:51:48,,,6.82
DMD 643,U2,Two Hearts Beat As One,Island Records,"12"", Single, Promo",,1983,1575520,Uncategorized,2015-02-12 18:32:26,,,6.75
MCA2-6000,Norman Whitfield,Car Wash (Original Motion Picture Soundtrack),MCA Records,"2xLP, Album",,1976,1146277,Uncategorized,2015-02-14 13:52:40,,,6.45
296 029-241,"Kinks, The",Hit Station,Marifon,"LP, Comp",,1981,3494305,Uncategorized,2015-02-13 22:22:30,,,6.16
MCA-1599,Steppenwolf,16 Greatest Hits,MCA Records,"LP, Comp",,1980,1619100,Uncategorized,2015-02-12 23:24:40,,,6.15
MCA-5525,Dan Hartman,I Can Dream About You,MCA Records,"LP, Album",,1984,1554996,Uncategorized,2015-02-12 18:23:13,,,6
NBD 20228,People's Choice,My Feet Won't Move But My Shoes Did The Boogie / You Ought To Be Dancin',Casablanca Records,"12"", Promo",,1980,2164573,Uncategorized,2015-02-12 19:34:37,,,6
12WIP 6735,Tom Tom Club / Mr. Yellow,Genius Of Love / Yella,Island Records,"12""",,1981,482120,Uncategorized,2015-02-14 13:28:00,,,6
BXL1-3490,Lakeside,Rough Riders,Solar,"LP, Album",,1979,945897,Uncategorized,2015-02-12 19:33:22,,,5.95
"0-20332, 9 20332-0",New Order,Blue Monday,"Qwest Records, Qwest Records","12"", Single, RE",,1985,106464,Uncategorized,2015-02-12 19:08:16,,,5.94
BT 2102,Brownsville Station,Yeah!,Big Tree Records,"LP, Album",,1973,1401105,Uncategorized,2015-02-12 23:59:31,,,5.85
BS 3088,Ashford & Simpson,Send It,Warner Bros. Records,"LP, Album",,1977,562545,Uncategorized,2015-02-14 14:29:06,,,5.72
JC 36478,Paul McCartney,McCartney,"Columbia, MPL (2)","LP, Album, RE",,1980,3104911,Uncategorized,2015-02-14 14:13:31,,,5.67
SP-3110,"Ozark Mountain Daredevils, The",The Ozark Mountain Daredevils,A&M Records,"LP, Album, RE",,1981,2312259,Uncategorized,2015-02-13 22:34:18,,,5.62
"7 80036-1-G, 80036-1-G",ABBA,The Singles  / The First Ten Years,"Atlantic, Atlantic","2xLP, Comp",,1982,4749560,Uncategorized,2015-02-14 13:04:31,,,5.55
LLP 2013,Dion (3),Dion Sings His Greatest Hits,Laurie Records,"LP, Comp",,1962,3115353,Uncategorized,2015-02-12 23:16:33,,,5.5
6.0000000000000000000000000000000000000000000000000000000000000000000000000000000000000000000000000000000E-103,Eagles,Hotel California,Asylum Records,"LP, Album, Gat",,1976,5604438,Uncategorized,2015-02-14 15:41:45,,,5.5
SP-12004,L.T.D.,We Party Hearty,A&M Records,"12"", Promo",,1977,597153,Uncategorized,2015-02-14 16:09:56,,,5.5
BFZ 38443,Quiet Riot,Metal Health,Pasha,"LP, Album",,1983,3911666,Uncategorized,2015-02-12 23:50:55,,,5.5
T7-319R1,Stevie Wonder,Talking Book,Tamla,"LP, Album, RP, Gat",,1972,1271120,Uncategorized,2015-02-14 13:42:12,,,5.5
LST-7640,Sugarloaf,Sugarloaf,Liberty,"LP, Album, Gat",,1970,3630397,Uncategorized,2015-02-14 14:20:08,,,5.44
"0-20207, 9 20207-0 A",ZZ Top,Legs,"Warner Bros. Records, Warner Bros. Records","12"", Maxi",,1984,1350265,Uncategorized,2015-02-12 18:46:41,,,5.44
6.0000000000000000000000000000000000000000000000000000000000000000000000000000000000000000000000000000000000000000000000000000000E-135,"Cars, The",The Cars,Elektra,"LP, Album",,1978,190219,Uncategorized,2015-02-14 16:42:22,,,5.35
SD 7038,Blue Magic,Blue Magic,ATCO Records,"LP, Album",,1974,507319,Uncategorized,2015-02-13 22:00:04,,,5.25
2HS 3350,Fleetwood Mac,Tusk,Warner Bros. Records,"2xLP, Album",,1979,774248,Uncategorized,2015-02-14 16:41:07,,,5.25
SS 8501,Bad Company (3),Bad Company,Swan Song,"LP, Album, Gat",,1977,5722539,Uncategorized,2015-02-12 23:55:48,,,5
PC 35563,Blue Öyster Cult,Some Enchanted Evening,Columbia,"LP, Album",,1978,2492854,Uncategorized,2015-02-14 16:01:41,,,5
MCA-23510,Dan Hartman,I Can Dream About You,MCA Records,"12""",,1984,199191,Uncategorized,2015-02-12 18:31:21,,,5
MRS-5008,Heart,Magazine,Mushroom Records (5),"LP, Album",,1977,4145421,Uncategorized,2015-02-14 16:07:04,,,5
MCA 23539,Klymaxx,Meeting In The Ladies Room,"Constellation (2), MCA Records","12""",,1985,779793,Uncategorized,2015-02-12 18:49:49,,,5
BELL 6068,"Stampeders, The",Sweet City Woman,Bell Records,"LP, Album, Promo, Gat",,1971,4385037,Uncategorized,2015-02-14 14:04:08,,,5
ABCX-758,Steely Dan,Can't Buy A Thrill,ABC Records,"LP, Album, Gat",,1972,4217865,Uncategorized,2015-02-13 22:35:16,,,5
MCA-5464,Tony Carey,Some Tough City,MCA Records,"LP, Album",,1984,6650813,Uncategorized,2015-02-14 15:36:39,,,5
2C 068-83238,Various,James Bond Greatest Hits,"Liberty, Pathé Marconi EMI","LP, Comp",,1982,1393037,Uncategorized,2015-02-14 13:25:31,,,5
MCA-5492,Various,Streets Of Fire - Music From The Original Motion Picture Soundtrack,MCA Records,"LP, Comp",,1984,1238879,Uncategorized,2015-02-12 18:28:06,,,5
SP-2002,Various,Rockin' Easy - 24 Laid-Back Hits - Superstars Of The 70's Volume 3,Warner Special Products,"2xLP, Comp",,1975,6448154,Uncategorized,2015-02-13 21:55:07,,,5
PRO 363-1,Tears For Fears,Shout,Mercury,"12"", Promo, Single",,1984,3304275,Uncategorized,2015-02-12 18:17:50,,,4.95
BSK 3107,Alice Cooper,Greatest Hits,Warner Bros. Records,"LP, Comp, RP",,1978,1559114,Uncategorized,2015-02-13 22:01:22,,,4.89
MCA-3050,"Who, The",Who Are You,MCA Records,"LP, Album",,1978,1087824,Uncategorized,2015-02-14 15:35:56,,,4.78
COC 16052,"Rolling Stones, The",Tattoo You,Rolling Stones Records,"LP, Album",,1981,468054,Uncategorized,2015-02-12 19:16:37,,,4.71
SRS 5037,"Dave Clark Five, The",The Best Of The Dave Clark Five,Starline,"LP, Comp",,1970,1544456,Uncategorized,2015-02-12 23:25:35,,,4.6
PC 31170,"Blood, Sweat And Tears","Blood, Sweat And Tears Greatest Hits",Columbia,"LP, Comp",,1972,1795150,Uncategorized,2015-02-13 21:58:07,,,4.5
ST-12211,Duran Duran,Rio,Capitol Records,"LP, Album",,1982,311876,Uncategorized,2015-02-12 23:40:06,,,4.5
MAM-5,Gilbert O'Sullivan,Back To Front,MAM,"LP, Album",,1972,1522710,Uncategorized,2015-02-14 13:43:40,,,4.5
C 30768,Raiders (2),Indian Reservation,Columbia,"LP, Album",,1971,3008372,Uncategorized,2015-02-14 14:00:02,,,4.5
JC 31350,Simon & Garfunkel,Simon And Garfunkel's Greatest Hits,Columbia,"LP, Comp",,1972,4689051,Uncategorized,2015-02-14 13:57:54,,,4.49
PC 34164,Blue Öyster Cult,Agents Of Fortune,Columbia,"LP, Album",,1976,4096467,Uncategorized,2015-02-14 14:26:23,,,4.44
PZ 32481,Rick Derringer,All American Boy,Blue Sky,"LP, Album, RE",,0,4753927,Uncategorized,2015-02-13 22:15:06,,,4.44
JSB 101,KC & The Sunshine Band,The Best Of KC And The Sunshine Band,Jay Boy,"LP, Comp",,1976,874117,Uncategorized,2015-02-12 23:46:49,,,4.41
PRO-A-2235,David Lee Roth,California Girls,Warner Bros. Records,"12"", Single, Promo",,1985,3384135,Uncategorized,2015-02-10 22:46:49,,,4.38
0-66995,Peter Schilling,Major Tom (Coming Home),Elektra,"12""",,1983,420544,Uncategorized,2015-02-14 13:55:39,,,4.38
DK 4801,Chic,Good Times,Atlantic,"12""",,1979,216384,Uncategorized,2015-02-12 19:20:33,,,4.28
SD 5209,Sister Sledge,We Are Family,Cotillion,"LP, Album",,1979,337636,Uncategorized,2015-02-14 16:12:08,,,4.27
SKBO-11537,"Beatles, The",Rock 'N' Roll Music,Capitol Records,"2xLP, Comp",,1976,618563,Uncategorized,2015-02-12 23:31:49,,,4.25
PRO 340-1,Tears For Fears,Everybody Wants To Rule The World,Mercury,"12"", Promo",,1985,504257,Uncategorized,2015-02-12 18:20:20,,,4.25
SPRO 9224 / 9234,Tina Turner,Better Be Good To Me (Promo),Capitol Records,"12"", Single, Promo",,1984,3346303,Uncategorized,2015-02-12 18:24:02,,,4.25
BSR-5360,Tom Petty And The Heartbreakers,Long After Dark,Backstreet Records,"LP, Album",,1982,828266,Uncategorized,2015-02-14 13:20:35,,,4.25
SABB-11042,Grand Funk Railroad,"Mark, Don & Mel 1969-71",Capitol Records,"2xLP, Comp",,1972,2039127,Uncategorized,2015-02-14 13:42:54,,,4.17
"JE 35312, 35312",Cheap Trick,Heaven Tonight,"Epic, Epic","LP, Album",,1978,738233,Uncategorized,2015-02-14 15:42:16,,,4.12
PC 32079,Mountain,The Best Of Mountain,"Columbia, Windfall Records","LP, Comp",,1973,1785553,Uncategorized,2015-02-12 23:29:40,,,4.1
44 05028,Bruce Springsteen,Dancing In The Dark,Columbia,"12"", Promo",,1984,2644103,Uncategorized,2015-02-12 19:32:11,,,4
KE2 36888,Heart,Greatest Hits / Live,Epic,"2xLP, Comp",,1980,1326437,Uncategorized,2015-02-12 19:19:18,,,4
NB1-33243,Joan Jett & The Blackhearts,I Love Rock 'N Roll,The Boardwalk Entertainment Co,"LP, Album",,1981,392586,Uncategorized,2015-02-14 13:28:38,,,4
"1-25442, 9 25442-1",Madonna,True Blue,"Sire, Sire","LP, Album",,1986,597222,Uncategorized,2015-02-12 18:53:53,,,4
W1331,Nat King Cole,Tell Me All About Yourself,Capitol Records,"LP, Album",,1960,3015152,Uncategorized,2015-02-12 23:21:14,,,4
MCA 37219,Various,National Lampoon's Animal House (Original Motion Picture Soundtrack),MCA Records,"LP, Comp, RE",,1981,4357157,Uncategorized,2015-02-12 23:54:46,,,4
SP-2001,Various,Heavy Metal - 24 Electrifying Performances,Warner Special Products,"2xLP, Comp",,1974,1624466,Uncategorized,2015-02-13 21:54:19,,,4
MCA 3007,Elton John,Greatest Hits,MCA Records,"LP, Comp",,1980,1596614,Uncategorized,2015-02-13 22:02:19,,,3.99
"1-23686, 9 23686-1",Roxy Music,Avalon,"Warner Bros. Records, EG, Warner Bros. Records, EG","LP, Album",,1982,6319752,Uncategorized,2015-02-14 14:30:28,,,3.99
M9-794A3,"Supremes, The",Anthology,Motown,"3xLP, Comp",,1974,1869354,Uncategorized,2015-02-13 21:49:41,,,3.99
UAS-5535,Don McLean,American Pie,United Artists Records,"LP, Album",,1971,873356,Uncategorized,2015-02-14 13:57:12,,,3.98
JC 35019,Blue Öyster Cult,Spectres,Columbia,"LP, Album",,1977,535536,Uncategorized,2015-02-14 15:53:17,,,3.94
"PD-1-6224, 2480 510",Isaac Hayes,Don't Let Go,"Polydor, Polydor","LP, Album",,1979,719256,Uncategorized,2015-02-14 16:39:59,,,3.89
PE 32061,"Hollies, The",The Hollies' Greatest Hits,Epic,"LP, Comp",,1973,2938231,Uncategorized,2015-02-12 23:27:22,,,3.85
AB 4089,"Monkees, The",The Monkees Greatest Hits,Arista,"LP, Comp, RE",,1976,1485985,Uncategorized,2015-02-14 14:02:46,,,3.79
C2 30110,Chicago (2),Chicago III,Columbia,"2xLP, Album, Gat",,1971,830606,Uncategorized,2015-02-12 23:56:44,,,3.75
BT 76018,England Dan & John Ford Coley,Best Of England Dan & John Ford Coley,Big Tree Records,"LP, Comp",,1979,1528913,Uncategorized,2015-02-14 13:36:01,,,3.75
44 03978,Herbie Hancock,Rockit,Columbia,"12"", Promo",,1983,1159990,Uncategorized,2015-02-12 18:33:46,,,3.75
LS 8000,Jim Croce,Photographs And Memories His Greatest Hits,Lifesong Records,"LP, Comp, RE",,0,3788518,Uncategorized,2015-02-12 23:57:23,,,3.75
6.0000000000000000000000000000000000000000000000000000000000000000000000000000000000000000000000000000000000E-106,Linda Ronstadt,Greatest Hits,Asylum Records,"LP, Comp",,1976,2053209,Uncategorized,2015-02-14 13:51:56,,,3.75
SD 19132,Yes,Fragile,Atlantic,"LP, Album, RE, Gat",,1977,2637700,Uncategorized,2015-02-14 13:59:30,,,3.75
VA 66000,A Flock Of Seagulls,A Flock Of Seagulls,"Jive, Arista","LP, Album",,1982,121441,Uncategorized,2015-02-14 13:31:16,,,3.67
JC 36801,Wings (2),Venus And Mars,"MPL (2), Columbia","LP, Album, RE",,1980,2303933,Uncategorized,2015-02-14 15:49:53,,,3.66
SA 8513,Instant Funk,Instant Funk,Salsoul Records,"LP, Album",,1979,176581,Uncategorized,2015-02-14 15:58:55,,,3.65
DK 4700,Chic,Le Freak,"Atlantic, ATCO Records","12""",,1978,380286,Uncategorized,2015-02-14 16:09:05,,,3.5
PRK 3223,Deep Purple,"When We Rock, We Rock And When We Roll, We Roll","Warner Bros. Records, Purple Records","LP, Comp",,1978,1415899,Uncategorized,2015-02-14 16:07:34,,,3.5
"INF-16000, INF 16000",Hot Chocolate,Every 1's A Winner,"Infinity Records (2), Infinity Records (2)","12""",,1978,395043,Uncategorized,2015-02-13 22:04:49,,,3.5
DSRE 8887,M (2),Pop Muzik / M Factor,Sire,"12"", Promo",,1979,1398350,Uncategorized,2015-02-12 19:21:28,,,3.5
PR 717,Phil Collins,Sussudio,Atlantic,"12"", Promo",,1985,2215885,Uncategorized,2015-02-12 18:16:04,,,3.5
KMD 1048,Bobby Sherman,Bobby Sherman's Greatest Hits Volume I,Metromedia Records,"LP, Comp, Gat",,1971,4167850,Uncategorized,2015-02-14 14:16:45,,,3.46
TU 2452,Various,Superhits Of The Superstars - Volume Two,"K-Tel International (USA), Inc.","LP, Comp",,1975,3173889,Uncategorized,2015-02-13 21:50:51,,,3.42
"6059ML, 6059 ML",Lionel Richie,Can't Slow Down,"Motown, Motown","LP, Album, Gat",,1983,5681280,Uncategorized,2015-02-12 23:34:36,,,3.41
"SMAS 11235, SMAS-11235",Steve Miller Band,The Joker,"Capitol Records, Capitol Records","LP, Album, Gat",,1973,1498830,Uncategorized,2015-02-14 14:31:44,,,3.41
44-04138,Billy Joel,Tell Her About It,Columbia,"12""",,1983,1256084,Uncategorized,2015-02-12 23:44:05,,,3.38
SD 16011,Chic,Les Plus Grands Succes De Chic - Chic's Greatest Hits,Atlantic,"LP, Comp",,1979,539914,Uncategorized,2015-02-14 16:26:14,,,3.38
6002TL2,Stevie Wonder,Stevie Wonder's Original Musiquarium 1,Tamla,"2xLP, Comp",,1982,4652689,Uncategorized,2015-02-14 13:03:54,,,3.33
PE 34195,Wild Cherry,Wild Cherry,"Epic, Sweet City Records","LP, Album",,1976,346778,Uncategorized,2015-02-14 13:38:21,,,3.26
AQL1-0374,John Denver,John Denver's Greatest Hits,RCA Victor,"LP, Comp, RE",,0,2596480,Uncategorized,2015-02-13 22:29:50,,,3.25
QC 38703,Loverboy,Keep It Up,Columbia,"LP, Album",,1983,1554461,Uncategorized,2015-02-14 15:54:04,,,3.21
FC 38061,Aerosmith,Rock In A Hard Place,Columbia,"LP, Album",,1982,1366728,Uncategorized,2015-02-12 23:40:40,,,3.2
SRM 1-3825,Scorpions,Animal Magnetism,Mercury,"LP, Album",,1980,495050,Uncategorized,2015-02-12 19:32:56,,,3.18
SD 16025,"Blues Brothers, The",Made In America,Atlantic,"LP, Album",,1980,407468,Uncategorized,2015-02-12 19:35:13,,,3.15
AFL1-4660,Rick Springfield,Living In Oz,RCA,"LP, Album",,1983,2330764,Uncategorized,2015-02-12 23:35:17,,,3.12
NBD 20165,Village People,In The Navy / Go West,Casablanca Records,"12""",,1979,3151388,Uncategorized,2015-02-12 23:11:51,,,3.12
"TK 611, 611",KC & The Sunshine Band,Do You Wanna Go Party,"T.K. Records, T.K. Records","LP, Album, Gat",,1979,814051,Uncategorized,2015-02-14 16:28:22,,,3.11
NBLP 7197,"Lipps, Inc.",Mouth To Mouth,Casablanca Records,"LP, Album",,1979,91500,Uncategorized,2015-02-12 19:36:52,,,3.03
PC 33479,Aerosmith,Toys In The Attic,Columbia,"LP, Album",,1975,380618,Uncategorized,2015-02-12 18:59:20,Very Good Plus (VG+),Good Plus (G+),3
GP 8,Chicago (2),Chicago Transit Authority,Columbia,"2xLP, Album, Gat",,1969,2172078,Uncategorized,2015-02-14 14:15:15,,,3
CHR 1141,David Dundas,David Dundas,Chrysalis,"LP, Album",,1977,5601722,Uncategorized,2015-02-14 15:45:18,,,3
"810 308-1 M-1, 422-810 308-1 M-1",Def Leppard,Pyromania,"Mercury, Mercury","LP, Album",,1983,3782490,Uncategorized,2015-02-12 23:37:41,,,3
SP-4537,Head East,Flat As A Pancake,A&M Records,"LP, Album",,1975,1691593,Uncategorized,2015-02-12 23:29:06,,,3
PRO 364-1,John Cougar Mellencamp,Lonely Ol' Night,Riva Records,"12"", Promo, Single",,1985,3301983,Uncategorized,2015-02-12 18:55:56,,,3
MDS-4009,Kurtis Blow,Christmas Rappin',Mercury,"12""",,1979,360403,Uncategorized,2015-02-12 19:36:16,,,3
ST-17116,Naked Eyes,Fuel For The Fire,EMI America,"LP, Album",,1984,639667,Uncategorized,2015-02-14 15:38:38,,,3
SD 19179,Spinners,The Best Of Spinners,Atlantic,"LP, Comp",,1978,1480321,Uncategorized,2015-02-12 23:48:35,,,3
"DSD-50178, R 124056",Three Dog Night,Joy To The World - Their Greatest Hits,"ABC Records, RCA Music Service","LP, Comp, Club, Gat",,1974,2793220,Uncategorized,2015-02-13 22:05:31,,,3
AHL1-3378,Waylon Jennings,Greatest Hits,RCA,"LP, Comp",,1979,5268332,Uncategorized,2015-02-14 15:35:17,,,3
ST-12013,April Wine,Harder.....Faster,Capitol Records,"LP, Album",,1979,1878032,Uncategorized,2015-02-14 16:25:48,,,2.99
JS 39242,Various,Footloose (Original Motion Picture Soundtrack),Columbia,"LP, Comp",,1984,1080577,Uncategorized,2015-02-14 14:29:53,,,2.99
JC 34987,Billy Joel,The Stranger,"Columbia, Family Productions","LP, Album",,1977,1108650,Uncategorized,2015-02-14 15:31:57,,,2.95
8567,Duran Duran,Union Of The Snake,Capitol Records,"12"", Single",,1983,4976014,Uncategorized,2015-02-10 22:22:44,,,2.95
RVL 7501,John Cougar Mellencamp,American Fool,Riva Records,"LP, Album",,1982,492498,Uncategorized,2015-02-14 13:05:26,,,2.93
MCA-5219,Neil Diamond,His 12 Greatest Hits,MCA Records,"LP, Comp",,0,5015609,Uncategorized,2015-02-13 21:59:26,,,2.89
824 865-1,John Cougar Mellencamp,Scarecrow,Mercury,"LP, Album",,1985,898015,Uncategorized,2015-02-12 18:57:56,,,2.88
MCA2-11008,Lynyrd Skynyrd,Gold & Platinum,MCA Records,"2xLP, Comp",,1979,802862,Uncategorized,2015-02-14 16:25:17,,,2.88
FZ 38062,Survivor,Eye Of The Tiger,Scotti Bros. Records,"LP, Album",,1982,1010213,Uncategorized,2015-02-14 13:31:46,,,2.88
TVLP 77028,Ray Charles,The Ray Charles Collection,AHED,"LP, Comp",,1977,2603377,Uncategorized,2015-02-14 13:45:39,,,2.86
NBD 20144,Village People,Y.M.C.A. / Macho Man,Casablanca Records,"12"", Single, S/Sided",,1978,2877052,Uncategorized,2015-02-14 16:10:40,,,2.85
SW-11525,Wings (2),At The Speed Of Sound,"Capitol Records, MPL (2)","LP, Album",,1976,5679668,Uncategorized,2015-02-14 13:50:14,,,2.78
"9 23774-1, 1-23774",ZZ Top,Eliminator,"Warner Bros. Records, Warner Bros. Records","LP, Album",,1983,1291640,Uncategorized,2015-02-12 23:38:11,,,2.77
PAS-6054,Commander Cody And His Lost Planet Airmen,Country Casanova,Paramount Records,"LP, Album",,1973,989041,Uncategorized,2015-02-14 14:18:12,,,2.75
AFL1-1707(e),Elvis Presley,Elvis' Golden Records,RCA Victor,"LP, Comp, RE",,1977,3404890,Uncategorized,2015-02-12 23:15:02,,,2.75
ED 4965,Howard Jones,What Is Love?,Elektra,"12"", Promo",,1983,1421525,Uncategorized,2015-02-10 22:07:44,,,2.75
C 35593,Paul Revere & The Raiders,Greatest Hits,Columbia,"LP, Comp",,0,1745669,Uncategorized,2015-02-12 23:21:51,,,2.75
G7-981R1,Rick James,Come Get It!,Gordy,"LP, Album",,1978,726381,Uncategorized,2015-02-14 16:42:50,,,2.75
4R9-05011,Cyndi Lauper,She Bop,Portrait,"12"", Promo",,1984,4440821,Uncategorized,2015-02-10 22:19:27,,,2.74
49-03913,Culture Club,I'll Tumble 4 Ya (Special Extended Version Remix),"Epic, Virgin","12""",,1983,815239,Uncategorized,2015-02-14 13:14:25,,,2.69
GHS 4000,Planet P Project,Planet P Project,Geffen Records,"LP, Album",,1983,1227524,Uncategorized,2015-02-14 14:08:11,,,2.67
M-1769,"Five Keys, The",The Fantastic Five Keys,Capitol Records,"LP, Album, RE, Mono",,1977,3792500,Uncategorized,2015-02-12 23:17:09,,,2.64
PC 34241,"Earth, Wind & Fire",Spirit,Columbia,"LP, Album, Gat",,1976,501949,Uncategorized,2015-02-14 13:37:46,,,2.62
"TC 37462, 37462",Paul McCartney,Tug Of War,"Columbia, MPL (2), Columbia, MPL (2)","LP, Album",,1982,987849,Uncategorized,2015-02-14 13:21:53,,,2.61
SO-11630,Steve Miller Band,Book Of Dreams,Capitol Records,"LP, Album",,1977,899603,Uncategorized,2015-02-14 14:26:56,,,2.59
M 00020 D1,Bonnie Pointer,Heaven Must Have Sent You,Motown,"12""",,1979,424445,Uncategorized,2015-02-14 16:02:47,,,2.52
"PE 34188, 34188",Boston,Boston,"Epic, Epic","LP, Album",,1976,502621,Uncategorized,2015-02-12 23:46:14,,,2.5
APL1-0323,"Hues Corporation, The",Freedom For The Stallion,RCA Victor,"LP, Album",,1973,715385,Uncategorized,2015-02-13 22:26:28,,,2.5
MCA-5456,Night Ranger,Midnight Madness,MCA Records,"LP, Album",,1983,1706622,Uncategorized,2015-02-14 14:29:32,,,2.5
AS 1996,Pat Benatar,Ooh Ooh Song,Chrysalis,"12"", Promo",,1984,2735083,Uncategorized,2015-02-12 18:17:06,,,2.5
ST-11983,Sammy Hagar,Street Machine,Capitol Records,"LP, Album",,1979,2686987,Uncategorized,2015-02-14 16:26:42,,,2.5
ST-12217,Billy Squier,Emotions In Motion,Capitol Records,"LP, Album",,1982,752829,Uncategorized,2015-02-14 13:29:58,,,2.48
SP-12150,Falco,Rock Me Amadeus (Extended Version),A&M Records,"12""",,1985,496044,Uncategorized,2015-02-12 18:52:04,,,2.48
QC 38504,Journey,Frontiers,Columbia,"LP, Album",,1983,1455421,Uncategorized,2015-02-14 15:54:46,,,2.44
PRO-7084,Boys Don't Cry,I Wanna Be A Cowboy,Profile Records,"12"", Single, Gia",,1985,3438867,Uncategorized,2015-02-12 18:53:10,,,2.41
FC 37978,Men At Work,Business As Usual,Columbia,"LP, Album",,1982,587059,Uncategorized,2015-02-12 23:38:57,,,2.4
GHS 2005,Donna Summer,Donna Summer,Geffen Records,"LP, Album",,1982,564271,Uncategorized,2015-02-14 13:19:09,,,2.39
TCD-121-DJ,"Chi-Lites, The Featuring Eugene Record",Have You Seen Her,"20th Century Fox Records, Chi Sound Records","12"", Promo",,1980,819393,Uncategorized,2015-02-12 18:56:59,,,2.38
GHS 2006,Sammy Hagar,Standing Hampton,Geffen Records,"LP, Album",,1981,1418961,Uncategorized,2015-02-14 13:22:59,,,2.38
MCA-5237,Donnie Iris,King Cool,"MCA Records, Carousel Records (2)","LP, Album",,1981,1762711,Uncategorized,2015-02-14 13:10:42,,,2.36
AYL1-3662,"Guess Who, The",The Best Of The Guess Who,RCA Victor,"LP, Comp, RE",,1980,3778397,Uncategorized,2015-02-14 14:17:25,,,2.36
JE 34700,Ted Nugent,Cat Scratch Fever,Epic,"LP, Album, Gat",,1977,4576465,Uncategorized,2015-02-14 15:48:27,,,2.36
"D-30005, Dash 30005",Foxy,Get Off,"Dash, Dash","LP, Album",,1978,421550,Uncategorized,2015-02-14 16:41:31,,,2.29
SP-2003,Various,Superstars Of The 70's - Volume 4 - Silver Bullets,Warner Special Products,"2xLP, Comp",,1975,972068,Uncategorized,2015-02-13 21:53:32,,,2.28
C2 32810,Chicago (2),Chicago VII,Columbia,"2xLP, Album, Gat",,1974,941531,Uncategorized,2015-02-12 23:58:00,,,2.25
BR 6959,Foghat,Fool For The City,Bearsville,"LP, Album",,1975,401504,Uncategorized,2015-02-14 13:49:07,,,2.25
SP-3663,Free,Best Of Free,A&M Records,"LP, Comp",,1972,2414533,Uncategorized,2015-02-13 22:07:37,,,2.25
6092GL ,Mary Jane Girls,Only Four You ,Gordy,"LP, Album, Promo",,1985,3072566,Uncategorized,2015-02-12 18:51:13,,,2.25
JC 35032,Paul Simon,"Greatest Hits, Etc.",Columbia,"LP, Comp, Gat",,1977,1535305,Uncategorized,2015-02-14 15:34:01,,,2.25
PC 33050,Santana,Santana's Greatest Hits,Columbia,"LP, Comp",,1974,431426,Uncategorized,2015-02-13 21:52:40,,,2.25
BSR-6120,Various,"Songs From The Original Motion Picture Soundtrack ""Doctor Detroit""","Backstreet Records, MCA Records","LP, Album",,1983,1695548,Uncategorized,2015-02-12 18:58:32,,,2.25
BSK 3611,"Marshall Tucker Band, The",Greatest Hits,Warner Bros. Records,"LP, Comp",,1978,2299403,Uncategorized,2015-02-12 23:59:57,,,2.23
BSK 3110,America (2),History · America's Greatest Hits,Warner Bros. Records,"LP, Comp",,1975,4950771,Uncategorized,2015-02-13 22:20:43,,,2.22
SN 16245,April Wine,First Glance,Capitol Records,"LP, Album, RE",,0,3481794,Uncategorized,2015-02-12 23:50:28,,,2.22
"FE 35050, 35050",Boston,Don't Look Back,"Epic, Epic","LP, Album, Gat",,1978,380961,Uncategorized,2015-02-13 22:03:15,,,2.22
MCA-3027,Elton John,Greatest Hits Volume II,MCA Records,"LP, Comp",,1977,6390419,Uncategorized,2015-02-14 15:43:26,,,2.22
"SPRO-9121/9122, SPRO-9121, SPRO-9122",David Bowie,Blue Jean,"EMI America, EMI America, EMI America","12"", Single, Promo",,1984,3120357,Uncategorized,2015-02-10 22:23:26,,,2.21
SD 32-100,Pete Townshend,Empty Glass,ATCO Records,"LP, Album",,1980,1104302,Uncategorized,2015-02-12 19:37:27,,,2.19
UA-LA679-G,Electric Light Orchestra,A New World Record,"United Artists Records, Jet Records","LP, Album",,1976,322534,Uncategorized,2015-02-12 23:45:34,,,2.15
SP-4637,Styx,The Grand Illusion,A&M Records,"LP, Album",,1977,1271962,Uncategorized,2015-02-14 15:44:51,,,2.15
SP-12012,Bell & James,Livin' It Up (Friday Night),A&M Records,"12""",,1978,180740,Uncategorized,2015-02-14 16:04:54,,,2.14
JC 34912,Journey,Infinity,Columbia,"LP, Album",,1978,1306413,Uncategorized,2015-02-12 23:49:59,,,2.14
YD-11733,Shalamar,The Second Time Around,Solar,"12"", Single",,1979,507292,Uncategorized,2015-02-14 16:40:32,,,2.13
SW-11777,Wings (2),London Town,"Capitol Records, MPL (2)","LP, Album",,1978,1837504,Uncategorized,2015-02-14 16:05:28,,,2.13
AB-1030,"Floaters, The",The Floaters,ABC Records,"LP, Album",,1977,576350,Uncategorized,2015-02-14 15:52:17,,,2.12
AFL1-4125,Rick Springfield,Success Hasn't Spoiled Me Yet,RCA Victor,"LP, Album",,1982,1474703,Uncategorized,2015-02-14 13:29:19,,,2.12
SW-11698,Bob Seger And The Silver Bullet Band,Stranger In Town,Capitol Records,"LP, Album",,1978,749903,Uncategorized,2015-02-14 16:24:42,,,2.11
884 052-1 DJ,ABC,Be Near Me,Mercury,"12"", Single, Promo",,1985,497485,Uncategorized,2015-02-12 18:55:25,,,2
ST 12218,April Wine,Power Play,"Aquarius Records (3), Capitol Records","LP, Album",,1982,2079162,Uncategorized,2015-02-14 13:15:09,,,2
GHS 2008,Asia (2),Asia,Geffen Records,"LP, Album",,1982,706690,Uncategorized,2015-02-14 13:15:54,,,2
QC 38837,Billy Joel,An Innocent Man,Columbia,"LP, Album",,1983,822425,Uncategorized,2015-02-14 13:22:28,,,2
SP-6-4919,Bryan Adams,Cuts Like A Knife,A&M Records,"LP, Album",,1983,859891,Uncategorized,2015-02-12 23:43:00,,,2
FC 35512,Chicago (2),Hot Streets,Columbia,"LP, Album, Gat",,1978,941524,Uncategorized,2015-02-14 16:43:13,,,2
PC 33100,Chicago (2),Chicago VIII,Columbia,"LP, Album",,1975,941532,Uncategorized,2015-02-12 23:59:03,,,2
PC 34200,Chicago (2),Chicago X,Columbia,"LP, Album, Gat",,1976,941537,Uncategorized,2015-02-14 13:37:10,,,2
QE 39107,Culture Club,Colour By Numbers,"Virgin, Epic","LP, Album",,1983,770106,Uncategorized,2015-02-10 22:06:18,,,2
SD 19139,Daryl Hall & John Oates,Abandoned Luncheonette,Atlantic,"LP, Album",,1977,2029479,Uncategorized,2015-02-14 13:58:44,,,2
49-05208,Dead Or Alive,You Spin Me Round (Like A Record) (Murder Mix),Epic,"12""",,1984,421897,Uncategorized,2015-02-12 19:29:08,,,2
M8-936M1,Diana Ross,Diana,Motown,"LP, Album, Gat",,1980,547419,Uncategorized,2015-02-12 19:38:07,,,2
E1-60048,Don Henley,I Can't Stand Still,Asylum Records,"LP, Album",,1982,1523607,Uncategorized,2015-02-14 13:18:24,,,2
NBLP-2-7150,Donna Summer,Bad Girls,Casablanca Records,"2xLP, Album",,1979,2632942,Uncategorized,2015-02-14 16:41:58,,,2
SWAV-12374,Duran Duran,Arena | Recorded Around The World 1984,Capitol Records,"LP, Album, Gat",,1984,198924,Uncategorized,2015-02-14 14:07:07,,,2
PC 34909,Eddie Money,Eddie Money,Columbia,"LP, Album",,1977,1893660,Uncategorized,2015-02-14 15:52:46,,,2
PE 31584,"Edgar Winter Group, The",They Only Come Out At Night,Epic,"LP, Album, RE, Gat",,1979,1583264,Uncategorized,2015-02-12 23:30:36,,,2
FZ 35769,Electric Light Orchestra,Discovery,Jet Records,"LP, Album, Gat",,1979,1291618,Uncategorized,2015-02-14 16:27:51,,,2
SD 19109,Foreigner,Foreigner,Atlantic,"LP, Album, RE",,1977,4457257,Uncategorized,2015-02-14 15:34:38,,,2
SD19313,Genesis,Abacab,Atlantic,"LP, Album",,1981,2769874,Uncategorized,2015-02-14 13:24:40,,,2
ST-17076,George Thorogood & The Destroyers,Bad To The Bone,EMI America,"LP, Album",,1982,4760223,Uncategorized,2015-02-14 13:24:06,,,2
QE 38800,Heart,Passionworks,Epic,"LP, Album",,1983,1315522,Uncategorized,2015-02-14 15:40:58,,,2
CHR 1340,Huey Lewis & The News,Picture This,Chrysalis,"LP, Album",,1982,5828420,Uncategorized,2015-02-14 13:16:54,,,2
QE 38946,"Jacksons, The",Victory,Epic,"LP, Album, Gat",,1984,647349,Uncategorized,2015-02-14 15:40:17,,,2
AA-1083,Joe Walsh,The Best Of Joe Walsh,ABC Records,"LP, Comp",,1978,1675474,Uncategorized,2015-02-13 22:06:46,,,2
RVL 7504,John Cougar Mellencamp,Uh-Huh,Riva Records,"LP, Album",,1983,542107,Uncategorized,2015-02-12 23:41:33,,,2
AL 9567,"Kinks, The",Give The People What They Want,Arista,"LP, Album",,1981,787393,Uncategorized,2015-02-14 13:17:31,,,2
SW-11645,Little River Band,Diamantina Cocktail,Harvest,"LP, Album",,1977,2140266,Uncategorized,2015-02-14 14:27:30,,,2
PC 34388,Loggins And Messina,The Best Of Friends,Columbia,"LP, Comp",,1976,1575545,Uncategorized,2015-02-13 22:19:37,,,2
FC 37638,Loverboy,Get Lucky,Columbia,"LP, Album",,1981,631953,Uncategorized,2015-02-14 13:26:14,,,2
"0-20335, 9 20335-0 A",Madonna,Angel,"Sire, Sire","12"", Maxi",,1985,103406,Uncategorized,2015-02-12 19:19:59,,,2
SP-4697,Pablo Cruise,Worlds Away,A&M Records,"LP, Album",,1978,1395383,Uncategorized,2015-02-14 15:42:44,,,2
FV 41396,Pat Benatar,Get Nervous,Chrysalis,"LP, Album",,1982,2533390,Uncategorized,2015-02-12 23:39:34,,,2
AA-1099,Poco (3),Legend,ABC Records,"LP, Album",,1978,2099380,Uncategorized,2015-02-14 14:23:42,,,2
FE 38100,REO Speedwagon,Good Trouble,Epic,"LP, Album",,1982,1426270,Uncategorized,2015-02-14 13:11:24,,,2
PD-1-6284,Roger Daltrey,McVicar (Original Soundtrack Recording),Polydor,"LP, Album",,1980,5192907,Uncategorized,2015-02-12 19:38:38,,,2
"AS 1832, XSM 171626",Slade,Run Runaway / My Oh My,"CBS Associated Records, CBS Associated Records","12"", Promo",,1984,1613778,Uncategorized,2015-02-12 18:26:47,,,2
TA-6344,Survivor,The Search Is Over,Scotti Bros. Records,"12"", Single, P/Mixed",,1984,5008626,Uncategorized,2015-02-12 19:27:43,,,2
GS954,"Temptations, The",Temptations Greatest Hits II,Gordy,"LP, Comp",,1970,1927024,Uncategorized,2015-02-14 14:16:09,,,2
ADP-9289,Thompson Twins,The Gap,Arista,"12"", Single, Promo",,1984,197636,Uncategorized,2015-02-12 18:29:58,,,2
USA 40043,Various,We Are The World,Columbia,"LP, Album",,1985,1286951,Uncategorized,2015-02-12 23:36:31,,,2
"MCA-6127, MCA3704, MCA3705",Various,Two Of A Kind - Music From The Original Motion Picture Soundtrack,MCA Records,"LP, Album, Gat",,1983,2055931,Uncategorized,2015-02-12 23:52:23,,,2
APL1-1256,Vicki Sue Robinson,Never Gonna Let You Go,RCA Victor,"LP, Album",,1976,564322,Uncategorized,2015-02-14 13:50:56,,,2
23-10940,Wings (2),Good Night Tonight,Columbia,"12""",,1979,4709297,Uncategorized,2015-02-12 23:13:40,,,2
GHS 2021,Sammy Hagar,Three Lock Box,Geffen Records,"LP, Album",,1982,1418987,Uncategorized,2015-02-14 13:54:43,,,1.99
7E-1005,Bread,The Best Of Bread Volume Two,Elektra,"LP, Comp, Gat",,1974,471420,Uncategorized,2015-02-12 23:58:21,,,1.92
MFP 50399,Gilbert O'Sullivan,Gilbert O'Sullivan,Music For Pleasure,"LP, Comp",,1978,1813174,Uncategorized,2015-02-14 14:30:59,,,1.9
SW 50054,Amii Stewart,Knock On Wood,"Ariola Records America, Hansa","LP, Album",,1979,617441,Uncategorized,2015-02-14 16:06:10,,,1.88
PE 34121,Ted Nugent,Free-For-All,Epic,"LP, Album, Gat",,1976,4362960,Uncategorized,2015-02-14 13:49:41,,,1.81
QE 39107,Culture Club,Colour By Numbers,"Epic, Virgin","LP, Album",,1983,2922219,Uncategorized,2015-02-14 15:39:46,,,1.76
ARR 37498,Aldo Nova,Aldo Nova,Portrait,"LP, Album",,1982,394402,Uncategorized,2015-02-14 13:32:22,,,1.75
M7-902R1,Commodores,Natural High,Motown,"LP, Album",,1978,4257469,Uncategorized,2015-02-13 00:00:29,,,1.75
SD 19999,Foreigner,Double Vision,Atlantic,"LP, Album",,1978,2585905,Uncategorized,2015-02-12 23:48:08,,,1.75
MAM 7,Gilbert O'Sullivan,"I'm A Writer, Not A Fighter",MAM,"LP, Album",,1973,1953426,Uncategorized,2015-02-14 14:08:59,,,1.75
BXL1-4372,Jefferson Starship,Winds Of Change,Grunt Records,"LP, Album",,1982,412823,Uncategorized,2015-02-14 13:19:59,,,1.75
BEG 132T,Love And Rockets,Ball Of Confusion,Beggars Banquet,"12"", Single",,1985,367512,Uncategorized,2015-02-14 13:08:49,,,1.73
AL 7002,"Alan Parsons Project, The",I Robot,Arista,"LP, Album, Gat",,1977,209358,Uncategorized,2015-02-14 15:33:08,,,1.57
SRM-1-4034,Bob & Doug McKenzie,Great White North,Mercury,"LP, Album",,1981,3399447,Uncategorized,2015-02-14 13:13:25,,,1.5
BSK 3612,"Doobie Brothers, The",Best Of The Doobies - Volume II,Warner Bros. Records,"LP, Comp, RP",,1981,401906,Uncategorized,2015-02-14 13:12:30,,,1.5
BSR- 5436,Men Without Hats,Rhythm Of Youth,Backstreet Records,"LP, Album",,1983,510967,Uncategorized,2015-02-14 14:07:42,,,1.5
"PD-1-6172, 2391 378",Peaches & Herb,2 Hot!,"Polydor, Polydor","LP, Album",,1978,451831,Uncategorized,2015-02-14 16:11:18,,,1.46
SP-4724,Styx,Pieces Of Eight,A&M Records,"LP, Album, Gat",,1978,1428717,Uncategorized,2015-02-14 16:01:07,,,1.38
SRM-1-1101,Bachman-Turner Overdrive,Best Of B.T.O. (So Far),Mercury,"LP, Comp",,1976,1444223,Uncategorized,2015-02-13 22:21:29,,,1.25
RS-1-3003,Bee Gees,Children Of The World,RSO,"LP, Album",,1976,4664408,Uncategorized,2015-02-14 13:39:07,,,0.94
,,,,,,,,,,,,
,,,,,,,,,,,,